<assembly xmlns="http://maven.apache.org/plugins/maven-assembly-plugin/assembly/1.1.2"
  xmlns:xsi="http://www.w3.org/2001/XMLSchema-instance"
  xsi:schemaLocation="http://maven.apache.org/plugins/maven-assembly-plugin/assembly/1.1.2 http://maven.apache.org/xsd/assembly-1.1.2.xsd">
  <id>build/${snap}-snap-${VERSION}-${sl_build}</id>
  <formats>
    <format>zip</format>
  </formats>
  <includeBaseDirectory>false</includeBaseDirectory>
  <fileSets>
      <fileSet>
          <directory>license</directory>
          <includes>
              <include>**/*</include>
          </includes>
          <outputDirectory>/</outputDirectory>
      </fileSet>
      <fileSet>
          <outputDirectory>/</outputDirectory>
          <directory>${basedir}/target</directory>
          <includes>
              <include>*.jar</include>
          </includes>
      </fileSet>
  </fileSets>
  <dependencySets>
      <dependencySet>
          <useProjectArtifact>false</useProjectArtifact>
          <unpack>false</unpack>
          <outputDirectory>/</outputDirectory>
          <includes>
              <include>*:*</include>
          </includes>
      </dependencySet>
  </dependencySets>
</assembly>